Team,Winrate,Season
CLE,0.744,09_10
ORL,0.72,09_10
LAL,0.695,09_10
DAL,0.671,09_10
PHO,0.659,09_10
UTA,0.646,09_10
DEN,0.646,09_10
ATL,0.646,09_10
BOS,0.61,09_10
SAS,0.61,09_10
POR,0.61,09_10
OKC,0.61,09_10
MIA,0.573,09_10
MIL,0.561,09_10
CHA,0.537,09_10
HOU,0.512,09_10
CHI,0.5,09_10
MEM,0.488,09_10
TOR,0.488,09_10
NOH,0.451,09_10
IND,0.39,09_10
LAC,0.354,09_10
NYK,0.354,09_10
PHI,0.329,09_10
DET,0.329,09_10
GSW,0.317,09_10
WAS,0.317,09_10
SAC,0.305,09_10
MIN,0.183,09_10
NJN,0.146,09_10
